Frage;Typ;Antwort 1;Korrekt 1;Antwort 2;Korrekt 2;Antwort 3;Korrekt 3;Antwort 4;Korrekt 4;Erläuterung
Was beschreibt den 'Von-Neumann-Flaschenhals' in der Rechnerarchitektur?;Multiple Choice;Die Nutzung eines gemeinsamen Busses und Speichers für Befehle (Code) und Daten. Da die CPU nicht gleichzeitig einen Befehl abrufen (Fetch) und Daten lesen/schreiben (Memory) kann, entsteht ein Ressourcenstau auf dem Bus.;correct;Das Problem, dass moderne CPUs ihre Abwärme nicht mehr abführen können, weshalb die Taktfrequenz bei hohen Lasten stark gedrosselt werden muss.;incorrect;Die Einschränkung, dass Mikrocontroller keine Hardware-Interrupts ausführen können, wenn sie im 'User Mode' betrieben werden.;incorrect;Die physikalische Grenze, wie viele Transistoren auf einem Silizium-Chip verbaut werden können (Mooresches Gesetz), was die maximale CPU-Leistung begrenzt.;incorrect;Das Von-Neumann-Konzept (ein Speicher für alles) ist flexibel, erzwingt aber eine sequenzielle Nutzung des Busses. Die Harvard-Architektur löst dies durch getrennte Speicher und Busse für Code und Daten, was parallele Zugriffe in einem Takt ermöglicht.
Was ist das definierende Merkmal von 'volatilem' Speicher (z.B. SRAM, DRAM)?;Multiple Choice;Er kann nur exakt einmal beschrieben werden (One-Time Programmable) und ist danach schreibgeschützt.;incorrect;Er verliert alle gespeicherten Daten sofort, wenn die Betriebsspannung (Stromversorgung) abgeschaltet wird.;correct;Er benötigt immer zwingend ultraviolettes Licht (UV), um die Daten vor einem neuen Schreibvorgang zu löschen.;incorrect;Er verändert seine Daten zufällig (volatil) durch kosmische Strahlung, weshalb er nur für temporäre Cache-Puffer genutzt werden darf.;incorrect;Volatile (flüchtige) Speicher wie RAM sind das Kurzzeitgedächtnis der CPU. Für den Programmcode, der das Ausschalten überleben muss, benötigt das System zwingend non-volatilen Festspeicher (z.B. NOR-Flash).
Warum können Programme auf Mikrocontrollern oft direkt aus dem NOR-Flash ausgeführt werden (Execute-In-Place, XIP), aus dem viel dichteren NAND-Flash jedoch nicht?;Multiple Choice;NOR-Flash ermöglicht einen Random Access (wahlfreien Zugriff) auf Byte- bzw. Wort-Ebene, ähnlich wie ein SRAM. Die CPU kann einzelne Befehle direkt aus dem Flash-Speicher lesen. NAND-Flash hingegen lässt nur den blockweisen (seitenweisen) Zugriff zu.;correct;NOR-Flash nutzt spezielle 6-Transistor-Zellen, die mit der CPU-Taktfrequenz synchronisiert sind, während NAND-Flash auf 1T1C-Kondensatoren basiert.;incorrect;Der C-Compiler kann Assembler-Code prinzipiell nur für NOR-Architekturen generieren, da NAND-Speicher für Windows/Linux-Betriebssysteme reserviert ist.;incorrect;Weil NAND-Flash beim Lesen die gespeicherten Daten physikalisch zerstört (Destructive Read) und sofort zurückschreiben muss.;incorrect;Die CPU muss (um Code auszuführen) Kreuz und Quer auf den Speicher zugreifen können (Jumps, Branches). NOR-Flash ist parallel verdrahtet und liefert jedes beliebige Wort sofort. NAND ist seriell verdrahtet: Man muss einen riesigen Block (Page) erst ins RAM kopieren, bevor die CPU ihn verarbeiten kann.
Wie viele Transistoren benötigt eine klassische SRAM-Speicherzelle (z.B. für einen L1-Cache), und wie speichert sie die Information?;Multiple Choice;Sie besteht aus einem isolierten Floating-Gate-Transistor, der die Elektronen auf einer physikalischen Insel auch ohne Strom gefangen hält.;incorrect;Sie besteht aus zwei Access-Transistoren, die das Signal über eine Diode in einem rotierenden Magnetfeld (MRAM) speichern.;incorrect;Sie besteht aus exakt einem Transistor und einem Kondensator (1T1C), der zyklisch durch einen Refresh-Impuls aufgefrischt werden muss.;incorrect;Sie besteht typischerweise aus 6 Transistoren (6T). Das Herzstück bilden zwei kreuzgekoppelte Inverter, die das Bit als stabilen Zustand in einem sich selbst haltenden Ring speichern, solange die Betriebsspannung anliegt.;correct;Das 6T-SRAM-Design ist extrem schnell und braucht keinen Refresh. Der Nachteil ist der gigantische Platzbedarf: 6 Transistoren pro Bit machen SRAMs riesig und extrem teuer in der Herstellung (deshalb gibt es nur kleine Megabyte-Caches auf der CPU, aber keine Terabyte-Riegel).
Warum muss ein DRAM (Dynamic RAM) im Gegensatz zum SRAM zyklisch 'aufgefrischt' (Refresh) werden?;Multiple Choice;"Die Wordline der DRAM-Matrix kann die elektrischen Zustände nur invertiert (NOT) speichern; der Refresh-Zyklus dreht die Bits wieder in die lesbare Reihenfolge.";incorrect;Eine DRAM-Zelle speichert das Bit als elektrische Ladung in einem winzigen Kondensator. Da die Isolation auf Silizium-Ebene nie perfekt ist, sickert die Ladung über Leckströme langsam ab. Ohne periodisches Auslesen und Zurückschreiben (z.B. alle 64 ms) würde die Zelle den Wert 'vergessen'.;correct;Der Refresh ist notwendig, weil der Sense Amplifier der CPU ansonsten die Bitlines bei Schreibvorgängen überhitzen würde.;incorrect;Ein DRAM-Speicher läuft asynchron zum CPU-Takt. Der Refresh-Zyklus wird genutzt, um die Pipelining-Stages von ALU und RAM wieder zu synchronisieren.;incorrect;Das 'Dynamisch' im DRAM kommt von dieser ständigen Bewegung: Der Memory Controller unterbricht die normalen Zugriffe regelmäßig, um verblassende Kondensatoren wieder voll aufzuladen. Das kostet Zeit und Strom (auch im Standby), erlaubt aber die Konstruktion von extrem kompakten 1-Transistor-1-Kondensator (1T1C) Zellen.
[Schwer] Was versteht man unter 'Wear Leveling' im Kontext von Flash-Speichern (z.B. NAND-Flash in SSDs oder SD-Karten)?;Multiple Choice;Es ist eine Compiler-Optimierung (GCC), die sicherstellt, dass Variablen, die mit dem Keyword 'volatile' markiert sind, nicht versehentlich in den Read-Only-Bereich des Flash-Speichers geschrieben werden.;incorrect;Es ist ein Hardware-Verfahren, das fehlerhafte DRAM-Kondensatoren durch die Erhöhung der Refresh-Rate künstlich am Leben erhält (Leveling).;incorrect;Es bezeichnet den Verschleißausgleich der AXI-Bus-Matrix, indem Datenströme zwischen dem Cortex-M7 und M4 gleichmäßig aufgeteilt werden.;incorrect;Flash-Zellen verschleißen physikalisch bei jedem Lösch-/Schreibvorgang (Erase/Write-Zyklus) durch Schäden an der Oxidschicht. Ein 'Flash Translation Layer' (FTL) verteilt die logischen Schreibzugriffe dynamisch auf immer wieder andere physische Blöcke des Chips, damit alle Zellen gleichmäßig altern und der Chip nicht an einer einzelnen, oft beschriebenen Stelle kaputt geht.;correct;Wenn ein Betriebssystem immer wieder auf 'Sektor 0' speichert (z.B. bei Logs), würde dieser Bereich im Flash nach z.B. 10.000 Zyklen sterben. Wear Leveling ist ein Mapping-Algorithmus (oft im SSD-Controller, bei rohem SPI-Flash muss die Software das tun), der logische Sektoren unsichtbar auf wechselnde physikalische Zellen umlenkt.
[Schwer] Die DRAM-Technologie verwendet das sogenannte 'Adress-Multiplexing' (RAS und CAS). Warum ist diese Methode in DRAM-Chips implementiert und welchen Nachteil bringt sie mit sich?;Multiple Choice;Sie ist ein Relikt der PROM-Technologie und dient ausschließlich dazu, defekte Speicherzellen durch das Mapping auf redundante Zeilen zu reparieren.;incorrect;Sie splittet den 32-Bit Datenbus auf zwei 16-Bit Hälften auf, sodass Cortex-M7 und Cortex-M4 gleichzeitig auf denselben RAM-Block schreiben können, ohne sich zu blockieren.;incorrect;Sie wird genutzt, um massiv Chip-Gehäuse-Pins zu sparen, indem die Zeilenadresse (Row) und die Spaltenadresse (Column) nacheinander über dieselben physischen Adressleitungen gesendet werden. Der Nachteil ist die Latenz: Das Aufteilen und Warten auf die beiden Adressteile kostet zusätzliche Taktzyklen.;correct;Sie wird genutzt, um die Sense Amplifiers zu umgehen, was den Stromverbrauch auf Kosten der Datendichte drastisch senkt.;incorrect;Ein 16-Gigabyte-DRAM-Chip bräuchte dutzende Adresspins, was das Package riesig machen würde. Durch Multiplexing sendet der Controller erst das 'RAS' (Row Address Strobe)-Signal mit der Zeile, und dann über DIESELBEN Kabel das 'CAS' (Column Address Strobe)-Signal mit der Spalte. Das dauert länger, spart aber massiv Pins.
[Schwer] Wenn eine CPU Daten aus einer DRAM-Zelle (1T1C) ausliest, spricht man in der Elektrotechnik von einem 'Destructive Read' (destruktives Lesen). Was passiert dabei physikalisch und wie löst die Hardware dieses Problem?;Multiple Choice;Das Lesen eines Werts überschreibt ihn automatisch mit dem Komplementärwert (z.B. aus 1 wird 0). Die CPU muss den Wert daher per Software bitweise invertieren (XOR).;incorrect;Der Access-Transistor der Zelle brennt beim Lesevorgang kurzzeitig durch und muss durch einen speziellen Refresh-Zyklus (Burn-In) wieder regeneriert werden.;incorrect;Beim Lesen fließt die winzige Ladung des Kondensators auf die Bitline, um vom Sense Amplifier gemessen zu werden. Dadurch wird der Kondensator effektiv entleert und die gespeicherte Information ist zerstört. Die Hardware (der Sense Amplifier) muss den erkannten Wert zwingend in derselben Operation sofort wieder in den Kondensator zurückschreiben (Precharge/Restore).;correct;Der Lese-Zyklus zerstört die Cache-Kohärenz der MPU (Memory Protection Unit), weshalb die CPU den L1-Cache zwingend flushen muss.;incorrect;Der winzige Ladungstropfen (Femtofarad) aus der Zelle vermischt sich beim Öffnen des Transistors mit der langen Bitline. Der Sense Amplifier erkennt die minimale Spannungsänderung, zieht die Leitung hart auf 1 oder 0 und zwingt die Ladung damit wieder zurück in den offenen Eimer der Zelle.
[Schwer] Ein Dual-Ported RAM (DPRAM) wird oft zur asynchronen Datenübergabe zwischen CPU und Peripherie oder zwischen zwei Cores verwendet. Was ist sein herausragendes Hardware-Merkmal im Vergleich zu regulärem SRAM?;Multiple Choice;Ein DPRAM besitzt zwei völlig unabhängige Schnittstellen-Ports (mit jeweils eigenen Adress-, Daten- und Steuerleitungen) für denselben physikalischen Speicherblock. Zwei Einheiten können so exakt im selben Taktzyklus an unterschiedlichen Adressen lesen oder schreiben, ohne sich auf einem gemeinsamen Bus zu blockieren.;correct;Ein DPRAM speichert jedes Bit redundant in zwei verschiedenen Flash-Zellen, um kosmische Strahlung (Bit-Flips) zu kompensieren.;incorrect;Ein DPRAM funktioniert wie eine Mailbox in FreeRTOS und kann nur exakt ein einziges 32-Bit-Wort gleichzeitig aufnehmen (Queue Länge 1).;incorrect;Ein DPRAM halbiert die Taktfrequenz der CPU, stellt dafür aber die doppelte Speicherkapazität (Density) auf derselben Siliziumfläche zur Verfügung.;incorrect;Normales RAM hat einen Türsteher: Wenn die CPU liest, muss der DMA-Controller draußen warten. Ein DPRAM hat physisch zwei Türen (z.B. 8-Transistor-Zellen). So können Core A und Core B völlig staufrei operieren. Erst wenn beide im exakt gleichen Takt dieselbe Zelle schreiben wollen, greift ein Arbitration-Schiedsrichter ein.
"[Schwer] In der Embedded C-Programmierung auf Basis von RISC-V legt ein Programmierer ein Array mit dem Keyword 'const' an (z.B. 'const uint32_t myData[] = {1, 2, 3};'). Welche Auswirkung hat dies typischerweise auf die Verteilung im System-on-Chip (SoC) und das Linker-Script?";Multiple Choice;Das Array wird vom C-Startup-Code in den L1-Daten-Cache der CPU gelockt, um den Zugriffsbefehl (XIP) massiv zu beschleunigen.;incorrect;Der Linker platziert dieses Array in der Read-Only-Sektion (z.B. '.rodata'), welche physikalisch im non-volatilen NOR-Flash abgelegt wird. Ein schreibender Zugriff zur Laufzeit ist dort hardwareseitig unmöglich, es verbraucht dafür aber keinen wertvollen Platz im teuren SRAM-Arbeitsspeicher.;correct;Der Compiler ignoriert das Array vollständig, da fest verdrahtete Zahlen in RISC-V ausschließlich in den Instruction-Opcodes als 'Immediates' gespeichert werden dürfen.;incorrect;Das 'const'-Keyword zwingt die MPU (Memory Protection Unit), das Array in die '.bss'-Sektion des DRAMs auszulagern.;incorrect;Der RAM (SRAM) auf einem Mikrocontroller ist klein (z.B. 64 KB). Große Look-Up-Tabellen oder Schriftarten würden den RAM sofort sprengen. Markiert man sie in C als 'const', weiß der Linker, dass sie sich nie ändern. Er legt sie in den riesigen NOR-Flash (z.B. 1 MB). Die CPU liest sie dort per Execute-in-Place (XIP) direkt als Daten aus.
